[
  {
    "id": 1,
    "slug": "smartphones",
    "title": "Smartphones",
    "image": "images/categories/category-1/01.jpg",
    "description": "Latest smartphones from top brands"
  },
  {
    "id": 2,
    "slug": "accessories",
    "title": "Mobile Accessories",
    "image": "images/categories/category-2/01.jpg",
    "description": "Essential accessories for your mobile phone"
  },
  {
    "id": 3,
    "slug": "tablets",
    "title": "Tablets",
    "image": "images/categories/category-3/01.jpg",
    "description": "Powerful and portable tablets"
  },
  {
    "id": 4,
    "slug": "smartwatches",
    "title": "Smart Watches",
    "image": "images/categories/category-4/01.jpg",
    "description": "Wearable smart technology"
  },
  {
    "id": 5,
    "slug": "audio",
    "title": "Audio Devices",
    "image": "images/categories/category-5/01.jpg",
    "description": "Headphones, earbuds and speakers"
  }
]