[
  {
    "id": 1,
    "slug": "iphone-15-pro",
    "title": "iPhone 15 Pro",
    "shortDescription": "Apple flagship smartphone with A17 Pro chip",
    "fullDescription": "The iPhone 15 Pro features a powerful A17 Pro processor, advanced camera system, and premium titanium design.",
    "category": "smartphones",
    "colors": ["Black Titanium", "White Titanium", "Blue Titanium"],
    "sizes": ["128GB", "256GB", "512GB", "1TB"],
    "images": [
      "images/products/product-1/01.jpg"
     
    ],
    "buyLink": "https://example.com/buy/iphone-15-pro",
    "isFeatured": true,
    "isSlider": true
  },
  {
    "id": 2,
    "slug": "samsung-galaxy-s24-ultra",
    "title": "Samsung Galaxy S24 Ultra",
    "shortDescription": "Premium Android phone with advanced AI features",
    "fullDescription": "Galaxy S24 Ultra offers a stunning display, professional-grade camera, and powerful performance with AI integration.",
    "category": "smartphones",
    "colors": ["Titanium Gray", "Titanium Black", "Titanium Violet"],
    "sizes": ["256GB", "512GB", "1TB"],
    "images": [
      "images/products/product-2/01.jpg
     
    ],
    "buyLink": "https://example.com/buy/galaxy-s24-ultra",
    "isFeatured": true,
    "isSlider": true
  },
  {
    "id": 3,
    "slug": "google-pixel-8-pro",
    "title": "Google Pixel 8 Pro",
    "shortDescription": "Pure Android experience with AI camera",
    "fullDescription": "Pixel 8 Pro delivers the best of Google AI with an advanced camera system and clean Android experience.",
    "category": "smartphones",
    "colors": ["Obsidian", "Porcelain", "Bay"],
    "sizes": ["128GB", "256GB", "512GB"],
    "images": [
      "images/products/product-3/01.jpg"
     
    ],
    "buyLink": "https://example.com/buy/pixel-8-pro",
    "isFeatured": false,
    "isSlider": true
  },
  {
    "id": 4,
    "slug": "airpods-pro-2",
    "title": "AirPods Pro (2nd Generation)",
    "shortDescription": "Active noise cancellation wireless earbuds",
    "fullDescription": "AirPods Pro 2 offer improved sound quality, adaptive transparency, and long battery life.",
    "category": "audio",
    "colors": ["White"],
    "sizes": ["Standard"],
    "images": [
      "images/products/product-4/01.jpg"
     
    ],
    "buyLink": "https://example.com/buy/airpods-pro-2",
    "isFeatured": true,
    "isSlider": false
  },
  {
    "id": 5,
    "slug": "apple-watch-series-9",
    "title": "Apple Watch Series 9",
    "shortDescription": "Smartwatch with advanced health tracking",
    "fullDescription": "Apple Watch Series 9 helps you stay active, healthy, and connected with advanced sensors.",
    "category": "smartwatches",
    "colors": ["Midnight", "Starlight", "Silver"],
    "sizes": ["41mm", "45mm"],
    "images": [
      "images/products/product-5/01.jpg"
      
    ],
    "buyLink": "https://example.com/buy/apple-watch-series-9",
    "isFeatured": false,
    "isSlider": false
  }
]